{
    "teams": [
        {
            "cover": "/teams/Arsenal.png", 
            "title": "Arsenal"
        }, 
        {
            "cover": "/teams/AstonVilla.png", 
            "title": "Aston-Villa"
        },
        {
            "cover": "/teams/Bournemouth.png", 
            "title": "Bournemouth"
        },
        {
            "cover": "/teams/Brentford.png", 
            "title": "Brentford"
        },
        {
            "cover": "/teams/Brighton.png", 
            "title": "Brighton"
        },
        {
            "cover": "/teams/Chelsea.png", 
            "title": "Chelsea"
        },
        {
            "cover": "/teams/CrystalPalace.png", 
            "title": "Crystal-Palace"
        }, 
        {
            "cover": "/teams/Everton.png", 
            "title": "Everton"
        },
        {
            "cover": "/teams/Fulham.png", 
            "title": "Fulham"
        },
        {
            "cover": "/teams/LeedsUnited.png", 
            "title": "Leeds-United"
        },
        {
            "cover": "/teams/LeicesterCity.png", 
            "title": "Leicester-City"
        },
        {
            "cover": "/teams/Liverpool.png", 
            "title": "Liverpool"
        },
        {
            "cover": "/teams/ManchesterCity.png", 
            "title": "Manchester-City"
        },
        {
            "cover": "/teams/ManchesterUnited.png", 
            "title": "Manchester-United"
        },
        {
            "cover": "/teams/Newcastle.png", 
            "title": "Newcastle"
        },
        {
            "cover": "/teams/NottinghamForest.png", 
            "title": "Nottingham-Forest"
        },
        {
            "cover": "/teams/Southampton.png", 
            "title": "Southampton"
        },
        {
            "cover": "/teams/Tottenham.png", 
            "title": "Tottenham"
        },
        {
            "cover": "/teams/WestHam.png", 
            "title": "West-Ham"
        },
        {
            "cover": "/teams/Wolves.png", 
            "title": "Wolves"
        }
    ]
}